{"cameraMode":{"drawMode":0,"name":"Shaded","section":"Shading Mode"},"sceneLighting":false,"audioPlay":false,"sceneViewState":{"showFog":true,"showMaterialUpdate":false,"showSkybox":false,"showFlares":true,"showImageEffects":true,"showParticleSystems":true},"in2DMode":false,"pivot":{"x":11.800000190734864,"y":2.890000104904175,"z":-10.0600004196167},"rotation":{"x":0.549963116645813,"y":0.2829274833202362,"z":-0.20512494444847108,"w":0.7585678696632385},"size":7.304750442504883,"orthographic":false}