{"cameraMode":{"drawMode":0,"name":"Shaded","section":"Shading Mode"},"sceneLighting":false,"audioPlay":false,"sceneViewState":{"showFog":true,"showMaterialUpdate":false,"showSkybox":false,"showFlares":true,"showImageEffects":true,"showParticleSystems":true},"in2DMode":false,"pivot":{"x":-0.09466147422790528,"y":0.028606440871953965,"z":0.0},"rotation":{"x":0.032498739659786227,"y":0.3576643168926239,"z":-0.012453349307179451,"w":0.93320631980896},"size":9.747228622436524,"orthographic":false}