{"cameraMode":{"drawMode":0,"name":"Shaded","section":"Shading Mode"},"sceneLighting":false,"audioPlay":false,"sceneViewState":{"showFog":true,"showMaterialUpdate":false,"showSkybox":false,"showFlares":true,"showImageEffects":true,"showParticleSystems":true},"in2DMode":false,"pivot":{"x":-2.384185791015625e-7,"y":0.017033308744430543,"z":0.0},"rotation":{"x":0.032498739659786227,"y":0.3576643168926239,"z":-0.012453349307179451,"w":0.93320631980896},"size":3.358304738998413,"orthographic":false}