{"cameraMode":{"drawMode":0,"name":"Shaded","section":"Shading Mode"},"sceneLighting":false,"audioPlay":false,"sceneViewState":{"showFog":true,"showMaterialUpdate":false,"showSkybox":false,"showFlares":true,"showImageEffects":true,"showParticleSystems":true},"in2DMode":false,"pivot":{"x":0.03082406520843506,"y":2.6786041259765627,"z":0.006717801094055176},"rotation":{"x":0.032498739659786227,"y":0.3576643168926239,"z":-0.012453349307179451,"w":0.93320631980896},"size":10.594865798950196,"orthographic":false}