{"cameraMode":{"drawMode":0,"name":"Shaded","section":"Shading Mode"},"sceneLighting":false,"audioPlay":false,"sceneViewState":{"showFog":true,"showMaterialUpdate":false,"showSkybox":false,"showFlares":true,"showImageEffects":true,"showParticleSystems":true},"in2DMode":false,"pivot":{"x":-0.03053373098373413,"y":1.3084981441497803,"z":-0.0074825286865234379},"rotation":{"x":0.22364427149295808,"y":0.36089593172073367,"z":-0.08957962691783905,"w":0.9009568095207214},"size":6.457559585571289,"orthographic":false}